,project,all,Strategy_1,Strategy_2,Strategy_3,Strategy_4,s1_prec,s2_prec,s3_prec,s4_prec
0,org.alloytools.alloy,1,1,1,1,1,1.0,1.0,1.0,1.0
1,qpython,1,1,1,1,1,1.0,1.0,1.0,1.0
2,friendlychat-android,1,1,1,1,1,1.0,1.0,1.0,1.0
3,paho.mqtt.android,1,1,1,1,1,1.0,1.0,1.0,1.0
4,paho.mqtt.java,1,1,1,1,1,1.0,1.0,1.0,1.0
5,android-docs-samples,1,1,1,1,1,1.0,1.0,1.0,1.0
6,Toasty,1,1,1,1,1,1.0,1.0,1.0,1.0
7,android-mvvm-architecture,1,1,1,1,1,1.0,1.0,1.0,1.0
8,recipes-rss,1,1,1,1,1,1.0,1.0,1.0,1.0
9,HoloGraphLibrary,1,1,1,1,1,1.0,1.0,1.0,1.0
10,HorizontalWheelView,1,1,1,1,1,1.0,1.0,1.0,1.0
11,OpenMemories-Tweak,1,1,1,1,1,1.0,1.0,1.0,1.0
12,HoldingButton,1,1,1,1,1,1.0,1.0,1.0,1.0
13,ExpandableLayout,1,1,1,1,1,1.0,1.0,1.0,1.0
14,RecyclerView-MultipleViewTypesAdapter,1,1,1,1,1,1.0,1.0,1.0,1.0
15,UpdateApp,1,1,1,1,1,1.0,1.0,1.0,1.0
16,activate-power-mode,1,1,1,1,1,1.0,1.0,1.0,1.0
17,JDAddressSelector,1,1,1,1,1,1.0,1.0,1.0,1.0
18,android-ago,2,2,2,2,2,1.0,1.0,1.0,1.0
19,cordova-plugin-streaming-media,2,2,2,2,2,1.0,1.0,1.0,1.0
20,birt,2,2,2,2,2,1.0,1.0,1.0,1.0
21,arquillian-examples,2,2,2,2,2,1.0,1.0,1.0,1.0
22,dex-method-counts,2,2,2,2,2,1.0,1.0,1.0,1.0
23,google-authenticator-android,2,2,2,2,2,1.0,1.0,1.0,1.0
24,android-samples,2,2,2,2,2,1.0,1.0,1.0,1.0
25,PLDroidMediaStreaming,2,2,2,2,2,1.0,1.0,1.0,1.0
26,hacktoberfest-2019,2,2,2,2,2,1.0,1.0,1.0,1.0
27,egit-github,2,2,2,2,2,1.0,1.0,1.0,1.0
28,Hello-World,2,2,2,2,2,1.0,1.0,1.0,1.0
29,API-NG-sample-code,2,2,2,2,2,1.0,1.0,1.0,1.0
30,openshift-quickstarts,2,2,2,2,2,1.0,1.0,1.0,1.0
31,http-request,2,2,2,2,2,1.0,1.0,1.0,1.0
32,NumberProgressBar,2,2,2,2,2,1.0,1.0,1.0,1.0
33,eclipse.jdt.ls,2,2,2,2,2,1.0,1.0,1.0,1.0
34,portfolio,2,2,2,2,2,1.0,1.0,1.0,1.0
35,DataSphereStudio,2,2,2,2,2,1.0,1.0,1.0,1.0
36,mapstruct-examples,2,2,2,2,2,1.0,1.0,1.0,1.0
37,amazon-kinesis-connectors,2,2,2,2,2,1.0,1.0,1.0,1.0
38,Android-ExpandIcon,2,2,2,2,2,1.0,1.0,1.0,1.0
39,MyLittleCanvas,2,2,2,2,2,1.0,1.0,1.0,1.0
40,Dachshund-Tab-Layout,2,2,2,2,2,1.0,1.0,1.0,1.0
41,Pix-EzViewer,2,2,2,2,2,1.0,1.0,1.0,1.0
42,FastScroll,2,2,2,2,2,1.0,1.0,1.0,1.0
43,recyclerviewhelper,2,2,2,2,2,1.0,1.0,1.0,1.0
44,MaterialFavoriteButton,2,2,2,2,2,1.0,1.0,1.0,1.0
45,MaterialPreferenceLibrary,2,2,2,2,2,1.0,1.0,1.0,1.0
46,CircleSeekbar,2,2,2,2,2,1.0,1.0,1.0,1.0
47,TaskScheduler,2,2,2,2,2,1.0,1.0,1.0,1.0
48,TextLayoutBuilder,2,2,2,2,2,1.0,1.0,1.0,1.0
49,BubbleView,2,2,2,2,2,1.0,1.0,1.0,1.0
50,Mappedbus,2,2,2,2,2,1.0,1.0,1.0,1.0
51,project-rome,3,3,3,3,3,1.0,1.0,1.0,1.0
52,sbt-android,3,3,3,3,3,1.0,1.0,1.0,1.0
53,openhab-core,3,3,3,3,3,1.0,1.0,1.0,1.0
54,ReLinker,3,3,3,3,3,1.0,1.0,1.0,1.0
55,Moss,3,3,3,3,3,1.0,1.0,1.0,1.0
56,HackerRank,3,3,3,3,3,1.0,1.0,1.0,1.0
57,MifareClassicTool,3,3,3,3,3,1.0,1.0,1.0,1.0
58,RxJava2-Android-Samples,3,3,3,3,3,1.0,1.0,1.0,1.0
59,project-examples,3,3,3,3,3,1.0,1.0,1.0,1.0
60,rx-preferences,3,3,3,3,3,1.0,1.0,1.0,1.0
61,crystal-range-seekbar,3,3,3,3,3,1.0,1.0,1.0,1.0
62,restcountries,3,3,3,3,3,1.0,1.0,1.0,1.0
63,DataFixerUpper,3,3,3,3,3,1.0,1.0,1.0,1.0
64,apk-dependency-graph,3,3,3,3,3,1.0,1.0,1.0,1.0
65,PDFLayoutTextStripper,3,3,3,3,3,1.0,1.0,1.0,1.0
66,morphy-toolbar,3,3,3,3,3,1.0,1.0,1.0,1.0
67,circular-music-progressbar,3,3,3,3,3,1.0,1.0,1.0,1.0
68,ExoPlayerFilter,3,3,3,3,3,1.0,1.0,1.0,1.0
69,UserGuideView,3,3,3,3,3,1.0,1.0,1.0,1.0
70,sqlite-android,4,4,4,4,4,1.0,1.0,1.0,1.0
71,SuperListview,4,4,4,4,4,1.0,1.0,1.0,1.0
72,Canvas2ImagePlugin,4,4,4,4,4,1.0,1.0,1.0,1.0
73,Algorithms-Hacktoberfest,4,4,4,4,4,1.0,1.0,1.0,1.0
74,sonar-custom-rules-examples,4,4,4,4,4,1.0,1.0,1.0,1.0
75,Intro-To-RxJava,4,4,4,4,4,1.0,1.0,1.0,1.0
76,Swipeable-Cards,4,4,4,4,4,1.0,1.0,1.0,1.0
77,RootTools,4,4,4,4,4,1.0,1.0,1.0,1.0
78,Hacktoberfest-Data-Structure-and-Algorithms,4,4,4,4,4,1.0,1.0,1.0,1.0
79,ToggleButton,4,4,4,4,4,1.0,1.0,1.0,1.0
80,2048-android,4,4,4,4,4,1.0,1.0,1.0,1.0
81,cobar,4,4,4,4,4,1.0,1.0,1.0,1.0
82,SmartTabLayout,4,4,4,4,4,1.0,1.0,1.0,1.0
83,android-backup-extractor,4,4,4,4,4,1.0,1.0,1.0,1.0
84,cloudwatch_exporter,4,4,4,4,4,1.0,1.0,1.0,1.0
85,react-native-webview-android,4,4,4,4,4,1.0,1.0,1.0,1.0
86,Shuffle,4,4,4,4,4,1.0,1.0,1.0,1.0
87,AutoEx,4,4,4,4,4,1.0,1.0,1.0,1.0
88,react-native-quick-actions,4,4,4,4,4,1.0,1.0,1.0,1.0
89,TimetableView,4,4,4,4,4,1.0,1.0,1.0,1.0
90,ViewSupport,4,4,4,4,4,1.0,1.0,1.0,1.0
91,Isometric,4,4,4,4,4,1.0,1.0,1.0,1.0
92,SHSegmentControl,4,4,4,4,4,1.0,1.0,1.0,1.0
93,MaterialAbout,5,5,5,5,5,1.0,1.0,1.0,1.0
94,Competitive-programming-library,5,5,5,5,5,1.0,1.0,1.0,1.0
95,TubeMQ,5,5,5,5,5,1.0,1.0,1.0,1.0
96,android-actionbar,5,5,5,5,5,1.0,1.0,1.0,1.0
97,aws-big-data-blog,5,5,5,5,5,1.0,1.0,1.0,1.0
98,BarcodeScanner,5,5,5,5,5,1.0,1.0,1.0,1.0
99,io2015-codelabs,5,5,5,5,5,1.0,1.0,1.0,1.0
100,FlyoutMenus,5,5,5,5,5,1.0,1.0,1.0,1.0
101,react-native-share-extension,6,6,6,6,6,1.0,1.0,1.0,1.0
102,react-native-audio-streaming,6,6,6,6,6,1.0,1.0,1.0,1.0
103,android-simple-facebook,6,6,6,6,6,1.0,1.0,1.0,1.0
104,alicloud-android-demo,6,6,6,6,6,1.0,1.0,1.0,1.0
105,hugo,6,6,6,6,6,1.0,1.0,1.0,1.0
106,Compressor,6,6,6,6,6,1.0,1.0,1.0,1.0
107,AndroidStaggeredGrid,6,6,6,6,6,1.0,1.0,1.0,1.0
108,react-native-fingerprint-scanner,6,6,6,6,6,1.0,1.0,1.0,1.0
109,desertplaceholder,6,6,6,6,6,1.0,1.0,1.0,1.0
110,Diooto,6,6,6,6,6,1.0,1.0,1.0,1.0
111,chips-input-layout,6,6,6,6,6,1.0,1.0,1.0,1.0
112,elasticsearch-analysis-mmseg,6,6,6,6,6,1.0,1.0,1.0,1.0
113,XUpdate,6,6,6,6,6,1.0,1.0,1.0,1.0
114,jenkins-hipchat-plugin,7,7,7,7,7,1.0,1.0,1.0,1.0
115,spring-cloud-kubernetes,7,7,7,7,7,1.0,1.0,1.0,1.0
116,cordova-imagePicker,7,7,7,7,7,1.0,1.0,1.0,1.0
117,Android-SlideExpandableListView,7,7,7,7,7,1.0,1.0,1.0,1.0
118,smarthome,7,7,7,7,7,1.0,1.0,1.0,1.0
119,richeditor-android,7,7,7,7,7,1.0,1.0,1.0,1.0
120,CtCI-6th-Edition,7,7,7,7,7,1.0,1.0,1.0,1.0
121,spring-mvc-showcase,7,7,7,7,7,1.0,1.0,1.0,1.0
122,RMSwitch,7,7,7,7,7,1.0,1.0,1.0,1.0
123,easy-adapter,7,7,7,7,7,1.0,1.0,1.0,1.0
124,XmlToJson,7,7,7,7,7,1.0,1.0,1.0,1.0
125,android-audio-visualizer,7,7,7,7,7,1.0,1.0,1.0,1.0
126,EasyMVP,7,7,7,7,7,1.0,1.0,1.0,1.0
127,ColorPickerView,7,7,7,7,7,1.0,1.0,1.0,1.0
128,GroupedRecyclerViewAdapter,7,7,7,7,7,1.0,1.0,1.0,1.0
129,PowerMenu,7,7,7,7,7,1.0,1.0,1.0,1.0
130,TagsEditText,7,7,7,7,7,1.0,1.0,1.0,1.0
131,AutoUpdateProject,7,7,7,7,7,1.0,1.0,1.0,1.0
132,maven-plugins,8,8,8,8,8,1.0,1.0,1.0,1.0
133,CameraFragment,8,8,8,8,8,1.0,1.0,1.0,1.0
134,carbon-apimgt,8,8,8,8,8,1.0,1.0,1.0,1.0
135,android-signaturepad,8,8,8,8,8,1.0,1.0,1.0,1.0
136,junit5-samples,8,8,8,8,8,1.0,1.0,1.0,1.0
137,SoundRecorder,8,8,8,8,8,1.0,1.0,1.0,1.0
138,jd-gui,8,8,8,8,8,1.0,1.0,1.0,1.0
139,aws-apigateway-importer,8,8,8,8,8,1.0,1.0,1.0,1.0
140,Long-Shadows,8,8,8,8,8,1.0,1.0,1.0,1.0
141,SmartIM4IntelliJ,8,8,8,8,8,1.0,1.0,1.0,1.0
142,SelectorInjection,8,8,8,8,8,1.0,1.0,1.0,1.0
143,Biscuit,8,8,8,8,8,1.0,1.0,1.0,1.0
144,Badge,8,8,8,8,8,1.0,1.0,1.0,1.0
145,react-native-billing,8,8,8,8,8,1.0,1.0,1.0,1.0
146,android-kline,8,8,8,8,8,1.0,1.0,1.0,1.0
147,scoop,9,9,9,9,9,1.0,1.0,1.0,1.0
148,Turbine,9,9,9,9,9,1.0,1.0,1.0,1.0
149,movies-java-spring-data-neo4j,9,9,9,9,9,1.0,1.0,1.0,1.0
150,spring-xd-samples,9,9,9,9,9,1.0,1.0,1.0,1.0
151,environment-dashboard,9,9,9,9,9,1.0,1.0,1.0,1.0
152,plantuml,9,9,9,9,9,1.0,1.0,1.0,1.0
153,egads,9,9,9,9,9,1.0,1.0,1.0,1.0
154,dockerfile-maven,9,9,9,9,9,1.0,1.0,1.0,1.0
155,android-pdfview,9,9,9,9,9,1.0,1.0,1.0,1.0
156,rebound,9,9,9,9,9,1.0,1.0,1.0,1.0
157,react-native-background-timer,9,9,9,9,9,1.0,1.0,1.0,1.0
158,android-rss,9,9,9,9,9,1.0,1.0,1.0,1.0
159,logback-kafka-appender,9,9,9,9,9,1.0,1.0,1.0,1.0
160,Droppy,9,9,9,9,9,1.0,1.0,1.0,1.0
161,RxActivityResult,9,9,9,9,9,1.0,1.0,1.0,1.0
162,smart-show,9,9,9,9,9,1.0,1.0,1.0,1.0
163,PatternLock,9,9,9,9,9,1.0,1.0,1.0,1.0
164,RxHttpUtils,9,9,9,9,9,1.0,1.0,1.0,1.0
165,android-transcoder,10,10,10,10,10,1.0,1.0,1.0,1.0
166,pcollections,10,10,10,10,10,1.0,1.0,1.0,1.0
167,libsignal-protocol-java,10,10,10,10,10,1.0,1.0,1.0,1.0
168,ESPlorer,10,10,10,10,10,1.0,1.0,1.0,1.0
169,geofire-java,10,10,10,10,10,1.0,1.0,1.0,1.0
170,CircularReveal,10,10,10,10,10,1.0,1.0,1.0,1.0
171,ABAGAIL,10,10,10,10,10,1.0,1.0,1.0,1.0
172,react-native-splash-screen,10,10,10,10,10,1.0,1.0,1.0,1.0
173,react-native-incall-manager,10,10,10,10,10,1.0,1.0,1.0,1.0
174,libsignal-service-java,10,10,10,10,10,1.0,1.0,1.0,1.0
175,MarkdownView,10,10,10,10,10,1.0,1.0,1.0,1.0
176,dcevm,11,11,11,11,11,1.0,1.0,1.0,1.0
177,wycheproof,11,11,11,11,11,1.0,1.0,1.0,1.0
178,facebook-java-business-sdk,11,11,11,11,11,1.0,1.0,1.0,1.0
179,FastDFS_Client,11,11,11,11,11,1.0,1.0,1.0,1.0
180,jgit,11,11,11,11,11,1.0,1.0,1.0,1.0
181,Telecine,11,11,11,11,11,1.0,1.0,1.0,1.0
182,Bolts-Android,11,11,11,11,11,1.0,1.0,1.0,1.0
183,jieba-analysis,11,11,11,11,11,1.0,1.0,1.0,1.0
184,gcm,11,11,11,11,11,1.0,1.0,1.0,1.0
185,android-app,11,11,11,11,11,1.0,1.0,1.0,1.0
186,Android-RateThisApp,11,11,11,11,11,1.0,1.0,1.0,1.0
187,RESTMock,11,11,11,11,11,1.0,1.0,1.0,1.0
188,poster-generater,11,11,11,11,11,1.0,1.0,1.0,1.0
189,pandora,11,11,11,11,11,1.0,1.0,1.0,1.0
190,BottomSheetBuilder,11,11,11,11,11,1.0,1.0,1.0,1.0
191,progressbar,12,12,12,12,12,1.0,1.0,1.0,1.0
192,android-sliding-layer-lib,10,10,10,10,10,1.0,1.0,1.0,1.0
193,ASNE,12,12,12,12,12,1.0,1.0,1.0,1.0
194,binnavi,12,12,12,12,12,1.0,1.0,1.0,1.0
195,TapTargetView,12,12,12,12,12,1.0,1.0,1.0,1.0
196,community,12,12,12,12,12,1.0,1.0,1.0,1.0
197,android-floating-action-button,11,11,11,11,11,1.0,1.0,1.0,1.0
198,RxCache,12,12,12,12,12,1.0,1.0,1.0,1.0
199,EasyRefreshLayout,12,12,12,12,12,1.0,1.0,1.0,1.0
200,HwTxtReader,12,12,12,12,12,1.0,1.0,1.0,1.0
201,Recyclerview-Gallery,12,12,12,12,12,1.0,1.0,1.0,1.0
202,SandVXposed,12,12,12,12,12,1.0,1.0,1.0,1.0
203,moditect,13,13,13,13,13,1.0,1.0,1.0,1.0
204,clean-status-bar,13,13,13,13,13,1.0,1.0,1.0,1.0
205,react-native-geolocation-service,13,13,13,13,13,1.0,1.0,1.0,1.0
206,DynamicGrid,12,12,12,12,12,1.0,1.0,1.0,1.0
207,bottomsheet,13,13,13,13,13,1.0,1.0,1.0,1.0
208,seata-samples,13,13,13,13,13,1.0,1.0,1.0,1.0
209,HomeMirror,12,12,12,12,12,1.0,1.0,1.0,1.0
210,emojicon,13,13,13,13,13,1.0,1.0,1.0,1.0
211,otto,13,13,13,13,13,1.0,1.0,1.0,1.0
212,ip2region,12,12,12,12,12,1.0,1.0,1.0,1.0
213,native-navigation,13,13,13,13,13,1.0,1.0,1.0,1.0
214,joda-time-android,13,13,13,13,13,1.0,1.0,1.0,1.0
215,ExpandableTextView,13,13,13,13,13,1.0,1.0,1.0,1.0
216,Reservoir,13,13,13,13,13,1.0,1.0,1.0,1.0
217,tinybus,13,13,13,13,13,1.0,1.0,1.0,1.0
218,EasyNavigation,13,13,13,13,13,1.0,1.0,1.0,1.0
219,RxFingerprint,13,13,13,13,13,1.0,1.0,1.0,1.0
220,react-native-background-job,14,14,14,14,14,1.0,1.0,1.0,1.0
221,modernizer-maven-plugin,14,14,14,14,14,1.0,1.0,1.0,1.0
222,Launcher,14,14,14,14,14,1.0,1.0,1.0,1.0
223,gs-uploading-files,14,14,14,14,14,1.0,1.0,1.0,1.0
224,android-flowlayout,12,12,12,12,12,1.0,1.0,1.0,1.0
225,dbeaver,14,14,14,14,14,1.0,1.0,1.0,1.0
226,android-mvp-architecture,14,14,14,14,14,1.0,1.0,1.0,1.0
227,otter,14,14,14,14,14,1.0,1.0,1.0,1.0
228,AlphabetIndex-Fast-Scroll-RecyclerView,12,12,12,12,12,1.0,1.0,1.0,1.0
229,CalendarFX,14,14,14,14,14,1.0,1.0,1.0,1.0
230,knife,14,14,14,14,14,1.0,1.0,1.0,1.0
231,StepView,14,14,14,14,14,1.0,1.0,1.0,1.0
232,Space-Navigation-View,15,15,15,15,15,1.0,1.0,1.0,1.0
233,mqtt-client,15,15,15,15,15,1.0,1.0,1.0,1.0
234,emoji-java,15,15,15,15,15,1.0,1.0,1.0,1.0
235,reflections,15,15,15,15,15,1.0,1.0,1.0,1.0
236,databus,15,15,15,15,15,1.0,1.0,1.0,1.0
237,Once,15,15,15,15,15,1.0,1.0,1.0,1.0
238,easygcm,16,16,16,16,16,1.0,1.0,1.0,1.0
239,ion-java,16,16,16,16,16,1.0,1.0,1.0,1.0
240,SoLoader,16,16,16,16,16,1.0,1.0,1.0,1.0
241,UpdateChecker,16,16,16,16,16,1.0,1.0,1.0,1.0
242,aho-corasick,16,16,16,16,16,1.0,1.0,1.0,1.0
243,Android-ReactiveLocation,16,16,16,16,16,1.0,1.0,1.0,1.0
244,gradle-retrolambda,16,16,16,16,16,1.0,1.0,1.0,1.0
245,SmoothProgressBar,16,16,16,16,16,1.0,1.0,1.0,1.0
246,JustAuth,16,16,16,16,16,1.0,1.0,1.0,1.0
247,arara,17,17,17,17,17,1.0,1.0,1.0,1.0
248,swipe-button,17,17,17,17,17,1.0,1.0,1.0,1.0
249,react-native-intercom,17,17,17,17,17,1.0,1.0,1.0,1.0
250,ShapeOfView,17,17,17,17,17,1.0,1.0,1.0,1.0
251,KenBurnsView,17,17,17,17,17,1.0,1.0,1.0,1.0
252,MaterialShowcaseView,17,17,17,17,17,1.0,1.0,1.0,1.0
253,ImageViewZoom,17,17,17,17,17,1.0,1.0,1.0,1.0
254,CreditCardEntry,17,17,17,17,17,1.0,1.0,1.0,1.0
255,Qigsaw,17,17,17,17,17,1.0,1.0,1.0,1.0
256,SuperAdapter,17,17,17,17,17,1.0,1.0,1.0,1.0
257,DaggerMock,18,18,18,18,18,1.0,1.0,1.0,1.0
258,Fast-Android-Networking,18,18,18,18,18,1.0,1.0,1.0,1.0
259,ListItemView,18,18,18,18,18,1.0,1.0,1.0,1.0
260,busybox,18,18,18,18,18,1.0,1.0,1.0,1.0
261,react-native-dialogs,19,19,19,19,19,1.0,1.0,1.0,1.0
262,android-material-design-icon-generator-plugin,19,19,19,19,19,1.0,1.0,1.0,1.0
263,DataflowTemplates,19,19,19,19,19,1.0,1.0,1.0,1.0
264,the-app,19,19,19,19,19,1.0,1.0,1.0,1.0
265,glide-transformations,19,19,19,19,19,1.0,1.0,1.0,1.0
266,X2C,18,18,18,18,18,1.0,1.0,1.0,1.0
267,Android-DirectoryChooser,19,19,19,19,19,1.0,1.0,1.0,1.0
268,jdeferred,19,19,19,19,19,1.0,1.0,1.0,1.0
269,RxBluetooth,19,19,19,19,19,1.0,1.0,1.0,1.0
270,react-native-calendar-events,20,20,20,20,20,1.0,1.0,1.0,1.0
271,cordova-plugin-admob-free,20,20,20,20,20,1.0,1.0,1.0,1.0
272,sofa-tracer,21,21,21,21,21,1.0,1.0,1.0,1.0
273,react-native-touch-id,20,20,20,20,20,1.0,1.0,1.0,1.0
274,linuxdeploy,21,21,21,21,21,1.0,1.0,1.0,1.0
275,brickhouse,21,21,21,21,21,1.0,1.0,1.0,1.0
276,FinestWebView-Android,21,21,21,21,21,1.0,1.0,1.0,1.0
277,tut-spring-boot-oauth2,21,21,21,21,21,1.0,1.0,1.0,1.0
278,android-viewflow,21,21,21,21,21,1.0,1.0,1.0,1.0
279,s3s3mirror,21,21,21,21,21,1.0,1.0,1.0,1.0
280,header-decor,21,21,21,21,21,1.0,1.0,1.0,1.0
281,WeatherLib,21,21,21,21,21,1.0,1.0,1.0,1.0
282,hppc,21,21,21,21,21,1.0,1.0,1.0,1.0
283,spring-javaformat,22,22,22,22,22,1.0,1.0,1.0,1.0
284,JSONassert,22,22,22,22,22,1.0,1.0,1.0,1.0
285,secure-preferences,22,22,22,22,22,1.0,1.0,1.0,1.0
286,esb-connectors,22,22,22,22,22,1.0,1.0,1.0,1.0
287,Quicksql,21,21,21,21,21,1.0,1.0,1.0,1.0
288,cordova-plugin-googleplus,22,22,22,22,22,1.0,1.0,1.0,1.0
289,jacoco,22,22,22,22,22,1.0,1.0,1.0,1.0
290,FloatingActionButton,22,22,22,22,22,1.0,1.0,1.0,1.0
291,pinned-section-listview,22,22,22,22,22,1.0,1.0,1.0,1.0
292,dynamic-load-apk,22,22,22,22,22,1.0,1.0,1.0,1.0
293,elasticsearch-analysis-ik,22,22,22,22,22,1.0,1.0,1.0,1.0
294,jersey,22,22,22,22,22,1.0,1.0,1.0,1.0
295,corretto-8,22,22,22,22,22,1.0,1.0,1.0,1.0
296,CustomBottomSheetBehavior,22,22,22,22,22,1.0,1.0,1.0,1.0
297,Pydev,22,22,22,22,22,1.0,1.0,1.0,1.0
298,MultiImagePicker,22,22,22,22,22,1.0,1.0,1.0,1.0
299,spring-test-dbunit,23,23,23,23,23,1.0,1.0,1.0,1.0
300,AndroidTraining,23,23,23,23,23,1.0,1.0,1.0,1.0
301,browsermob-proxy,23,23,23,23,23,1.0,1.0,1.0,1.0
302,android-state,23,23,23,23,23,1.0,1.0,1.0,1.0
303,uber-apk-signer,23,23,23,23,23,1.0,1.0,1.0,1.0
304,SocialSdkLibrary,22,22,22,22,22,1.0,1.0,1.0,1.0
305,app-icon,24,24,24,24,24,1.0,1.0,1.0,1.0
306,pacbot,24,24,24,24,24,1.0,1.0,1.0,1.0
307,react-native-keychain,24,24,24,24,24,1.0,1.0,1.0,1.0
308,hbc,24,24,24,24,24,1.0,1.0,1.0,1.0
309,sticky-headers-recyclerview,24,24,24,24,24,1.0,1.0,1.0,1.0
310,AndroidPerformanceMonitor,23,23,23,23,23,1.0,1.0,1.0,1.0
311,hmily,24,24,24,24,24,1.0,1.0,1.0,1.0
312,colorpicker,24,24,24,24,24,1.0,1.0,1.0,1.0
313,material-calendar-view,24,24,24,24,24,1.0,1.0,1.0,1.0
314,eo,25,25,25,25,25,1.0,1.0,1.0,1.0
315,aws-ec2-ssh,25,25,25,25,25,1.0,1.0,1.0,1.0
316,react-native-youtube,25,25,25,25,25,1.0,1.0,1.0,1.0
317,Calligraphy,25,25,25,25,25,1.0,1.0,1.0,1.0
318,packr,25,25,25,25,25,1.0,1.0,1.0,1.0
319,termux-api,25,25,25,25,25,1.0,1.0,1.0,1.0
320,HtmlSpanner,25,25,25,25,25,1.0,1.0,1.0,1.0
321,android-contentprovider-generator,23,23,23,23,23,1.0,1.0,1.0,1.0
322,javafx-gradle-plugin,25,25,25,25,25,1.0,1.0,1.0,1.0
323,openstego,25,25,25,25,25,1.0,1.0,1.0,1.0
324,RxJavaFX,26,26,26,26,26,1.0,1.0,1.0,1.0
325,google-oauth-java-client,26,26,26,26,26,1.0,1.0,1.0,1.0
326,Hacktoberfest-Mathematics,26,26,26,26,26,1.0,1.0,1.0,1.0
327,zkclient,25,25,25,25,25,1.0,1.0,1.0,1.0
328,airline,26,26,26,26,26,1.0,1.0,1.0,1.0
329,ncalc,26,26,26,26,26,1.0,1.0,1.0,1.0
330,react-native-google-places,26,26,26,26,26,1.0,1.0,1.0,1.0
331,Android-Rich-text-Editor,26,26,26,26,26,1.0,1.0,1.0,1.0
332,opencv-processing,27,27,27,27,27,1.0,1.0,1.0,1.0
333,QRCodeReaderView,27,27,27,27,27,1.0,1.0,1.0,1.0
334,FizzBuzzEnterpriseEdition,26,26,26,26,26,1.0,1.0,1.0,1.0
335,gpmall,27,27,27,27,27,1.0,1.0,1.0,1.0
336,openhab1-addons,27,27,27,27,27,1.0,1.0,1.0,1.0
337,re2j,27,27,27,27,27,1.0,1.0,1.0,1.0
338,mortar,27,27,27,27,27,1.0,1.0,1.0,1.0
339,vertx-sql-client,28,28,28,28,28,1.0,1.0,1.0,1.0
340,groupie,28,28,28,28,28,1.0,1.0,1.0,1.0
341,UrlImageViewHelper,28,28,28,28,28,1.0,1.0,1.0,1.0
342,jgit-cookbook,28,28,28,28,28,1.0,1.0,1.0,1.0
343,ice,28,28,28,28,28,1.0,1.0,1.0,1.0
344,dashboard-demo,28,28,28,28,28,1.0,1.0,1.0,1.0
345,qmq,28,28,28,28,28,1.0,1.0,1.0,1.0
346,Paper,28,28,28,28,28,1.0,1.0,1.0,1.0
347,OpenNoteScanner,28,28,28,28,28,1.0,1.0,1.0,1.0
348,plantuml-server,28,28,28,28,28,1.0,1.0,1.0,1.0
349,openiot,27,27,27,27,27,1.0,1.0,1.0,1.0
350,MultiViewAdapter,28,28,28,28,28,1.0,1.0,1.0,1.0
351,tape,29,29,29,29,29,1.0,1.0,1.0,1.0
352,Leonids,29,29,29,29,29,1.0,1.0,1.0,1.0
353,react-native-admob,29,29,29,29,29,1.0,1.0,1.0,1.0
354,dialogplus,29,29,29,29,29,1.0,1.0,1.0,1.0
355,jstorm,27,27,27,27,27,1.0,1.0,1.0,1.0
356,groovy-eclipse,29,29,29,29,29,1.0,1.0,1.0,1.0
357,Router,29,29,29,29,29,1.0,1.0,1.0,1.0
358,RIBs,30,30,30,30,30,1.0,1.0,1.0,1.0
359,kafka-streams-examples,28,28,28,28,28,1.0,1.0,1.0,1.0
360,react-native-push-notification,29,29,29,29,29,1.0,1.0,1.0,1.0
361,t-digest,30,30,30,30,30,1.0,1.0,1.0,1.0
362,Android-Rate,30,30,30,30,30,1.0,1.0,1.0,1.0
363,instagram4j,30,30,30,30,30,1.0,1.0,1.0,1.0
364,android-test,31,31,31,31,31,1.0,1.0,1.0,1.0
365,react-native-sensitive-info,31,31,31,31,31,1.0,1.0,1.0,1.0
366,quarkus-quickstarts,31,31,31,31,31,1.0,1.0,1.0,1.0
367,nice-spinner,30,30,30,30,30,1.0,1.0,1.0,1.0
368,UsbSerial,31,31,31,31,31,1.0,1.0,1.0,1.0
369,cordova-crosswalk-engine,31,31,31,31,31,1.0,1.0,1.0,1.0
370,ahbottomnavigation,31,31,31,31,31,1.0,1.0,1.0,1.0
371,lottie-react-native,31,31,31,31,31,1.0,1.0,1.0,1.0
372,ThinDownloadManager,31,31,31,31,31,1.0,1.0,1.0,1.0
373,react-native-bottom-sheet-behavior,31,31,31,31,31,1.0,1.0,1.0,1.0
374,loklak_wok_android,32,32,32,32,32,1.0,1.0,1.0,1.0
375,rocker,32,32,32,32,32,1.0,1.0,1.0,1.0
376,droid-fu,32,32,32,32,32,1.0,1.0,1.0,1.0
377,react-native-picker,31,31,31,31,31,1.0,1.0,1.0,1.0
378,DebugDrawer,31,31,31,31,31,1.0,1.0,1.0,1.0
379,android_packages_apps_UnifiedNlp,32,32,32,32,32,1.0,1.0,1.0,1.0
380,walt,32,32,32,32,32,1.0,1.0,1.0,1.0
381,problem,32,32,32,32,32,1.0,1.0,1.0,1.0
382,SpringCloud,33,33,33,33,33,1.0,1.0,1.0,1.0
383,jira-client,33,33,33,33,33,1.0,1.0,1.0,1.0
384,Hive-JSON-Serde,32,32,32,32,32,1.0,1.0,1.0,1.0
385,react-native-google-signin,33,33,33,33,33,1.0,1.0,1.0,1.0
386,socket.io-client-java,33,33,33,33,33,1.0,1.0,1.0,1.0
387,DroidPlugin,33,33,33,33,33,1.0,1.0,1.0,1.0
388,TagMo,33,33,33,33,33,1.0,1.0,1.0,1.0
389,android-transition,33,33,33,33,33,1.0,1.0,1.0,1.0
390,AndroidJSCore,33,33,33,33,33,1.0,1.0,1.0,1.0
391,LicensesDialog,33,33,33,33,33,1.0,1.0,1.0,1.0
392,tomighty,34,34,34,34,34,1.0,1.0,1.0,1.0
393,hawk,34,34,34,34,34,1.0,1.0,1.0,1.0
394,AndResGuard,34,34,34,34,34,1.0,1.0,1.0,1.0
395,ShortcutBadger,33,33,33,33,33,1.0,1.0,1.0,1.0
396,addressbook-level2,34,34,34,34,34,1.0,1.0,1.0,1.0
397,storm-yarn,33,33,33,33,33,1.0,1.0,1.0,1.0
398,ea-async,34,34,34,34,34,1.0,1.0,1.0,1.0
399,ReactiveNetwork,35,35,35,35,35,1.0,1.0,1.0,1.0
400,start.spring.io,35,35,35,35,35,1.0,1.0,1.0,1.0
401,docker-workflow-plugin,35,35,35,35,35,1.0,1.0,1.0,1.0
402,storm-contrib,35,35,35,35,35,1.0,1.0,1.0,1.0
403,android-iconify,35,35,35,35,35,1.0,1.0,1.0,1.0
404,Luyten,34,34,34,34,34,1.0,1.0,1.0,1.0
405,ViewPagerIndicator,35,35,35,35,35,1.0,1.0,1.0,1.0
406,nitrite-database,35,35,35,35,35,1.0,1.0,1.0,1.0
407,limbo,35,35,35,35,35,1.0,1.0,1.0,1.0
408,kafkahq,36,36,36,36,36,1.0,1.0,1.0,1.0
409,snackbar,35,35,35,35,35,1.0,1.0,1.0,1.0
410,react-native-baidu-map,36,36,36,36,36,1.0,1.0,1.0,1.0
411,kafka-connect-elasticsearch,36,36,36,36,36,1.0,1.0,1.0,1.0
412,neurolab-android,36,36,36,36,36,1.0,1.0,1.0,1.0
413,soul,36,36,36,36,36,1.0,1.0,1.0,1.0
414,jmx_exporter,36,36,36,36,36,1.0,1.0,1.0,1.0
415,RecyclerViewPager,36,36,36,36,36,1.0,1.0,1.0,1.0
416,ChatKit,36,36,36,36,36,1.0,1.0,1.0,1.0
417,jvm-sandbox,36,36,36,36,36,1.0,1.0,1.0,1.0
418,android-crop,36,36,36,36,36,1.0,1.0,1.0,1.0
419,quartz,36,36,36,36,36,1.0,1.0,1.0,1.0
420,jenkins-gitlab-merge-request-builder-plugin,35,35,35,35,35,1.0,1.0,1.0,1.0
421,TextJustify-Android,37,37,37,37,37,1.0,1.0,1.0,1.0
422,PhotoPicker,37,37,37,37,37,1.0,1.0,1.0,1.0
423,jjwt,37,37,37,37,37,1.0,1.0,1.0,1.0
424,Android-Week-View,36,36,36,36,36,1.0,1.0,1.0,1.0
425,rejoiner,37,37,37,37,37,1.0,1.0,1.0,1.0
426,react-native-screens,38,38,38,38,38,1.0,1.0,1.0,1.0
427,react-native-sqlite-storage,38,38,38,38,38,1.0,1.0,1.0,1.0
428,HTTP-Proxy-Servlet,38,38,38,38,38,1.0,1.0,1.0,1.0
429,react-native-sound,38,38,38,38,38,1.0,1.0,1.0,1.0
430,subsampling-scale-image-view,38,38,38,38,38,1.0,1.0,1.0,1.0
431,sofa-boot,37,37,37,37,37,1.0,1.0,1.0,1.0
432,Lynx,38,38,38,38,38,1.0,1.0,1.0,1.0
433,storage-chooser,38,38,38,38,38,1.0,1.0,1.0,1.0
434,js-graphql-intellij-plugin,39,39,39,39,39,1.0,1.0,1.0,1.0
435,merlin,39,39,39,39,39,1.0,1.0,1.0,1.0
436,react-native-oauth,39,39,39,39,39,1.0,1.0,1.0,1.0
437,parceler,39,39,39,39,39,1.0,1.0,1.0,1.0
438,react-native-background-geolocation,39,39,39,39,39,1.0,1.0,1.0,1.0
439,AppAuth-Android,39,39,39,39,39,1.0,1.0,1.0,1.0
440,binding-collection-adapter,39,39,39,39,39,1.0,1.0,1.0,1.0
441,Amadeus,39,39,39,39,39,1.0,1.0,1.0,1.0
442,dns66,40,40,40,40,40,1.0,1.0,1.0,1.0
443,consul-api,39,39,39,39,39,1.0,1.0,1.0,1.0
444,TarsosDSP,40,40,40,40,40,1.0,1.0,1.0,1.0
445,spring-cloud-stream-samples,41,41,41,41,41,1.0,1.0,1.0,1.0
446,HTextView,41,41,41,41,41,1.0,1.0,1.0,1.0
447,dubbo-spring-boot-project,41,41,41,41,41,1.0,1.0,1.0,1.0
448,kumo,41,41,41,41,41,1.0,1.0,1.0,1.0
449,hn-android,40,40,40,40,40,1.0,1.0,1.0,1.0
450,coffee-gb,41,41,41,41,41,1.0,1.0,1.0,1.0
451,postgresql-embedded,42,42,42,42,42,1.0,1.0,1.0,1.0
452,spring-loaded,42,42,42,42,42,1.0,1.0,1.0,1.0
453,truetime-android,42,42,42,42,42,1.0,1.0,1.0,1.0
454,Flashtool,43,43,43,43,43,1.0,1.0,1.0,1.0
455,flutter_boost,42,42,42,42,42,1.0,1.0,1.0,1.0
456,flutter_webview_plugin,42,42,42,42,42,1.0,1.0,1.0,1.0
457,android-basic-samples,43,43,43,43,43,1.0,1.0,1.0,1.0
458,infinitest,43,43,43,43,43,1.0,1.0,1.0,1.0
459,FastLib,43,43,43,43,43,1.0,1.0,1.0,1.0
460,MaterialScrollBar,44,44,44,44,44,1.0,1.0,1.0,1.0
461,react-native-audio-toolkit,44,44,44,44,44,1.0,1.0,1.0,1.0
462,Superuser,44,44,44,44,44,1.0,1.0,1.0,1.0
463,netbeans,43,43,43,43,43,1.0,1.0,1.0,1.0
464,ActiveAndroid,44,44,44,44,44,1.0,1.0,1.0,1.0
465,j2html,44,44,44,44,44,1.0,1.0,1.0,1.0
466,img2latex-mathpix,44,44,44,44,44,1.0,1.0,1.0,1.0
467,kryonet,45,45,45,45,45,1.0,1.0,1.0,1.0
468,react-native-app-auth,45,45,45,45,45,1.0,1.0,1.0,1.0
469,TextFieldBoxes,44,44,44,44,44,1.0,1.0,1.0,1.0
470,fragmentargs,46,46,46,46,46,1.0,1.0,1.0,1.0
471,freeline,46,46,46,46,46,1.0,1.0,1.0,1.0
472,wasp,46,46,46,46,46,1.0,1.0,1.0,1.0
473,cling,46,46,46,46,46,1.0,1.0,1.0,1.0
474,sonar-gitlab-plugin,46,46,46,46,46,1.0,1.0,1.0,1.0
475,android_additive_animations,46,46,46,46,46,1.0,1.0,1.0,1.0
476,screenshot-tests-for-android,47,47,47,47,47,1.0,1.0,1.0,1.0
477,java-telegram-bot-api,47,47,47,47,47,1.0,1.0,1.0,1.0
478,golo-lang,48,48,48,48,48,1.0,1.0,1.0,1.0
479,kura,48,48,48,48,48,1.0,1.0,1.0,1.0
480,tray,47,47,47,47,47,1.0,1.0,1.0,1.0
481,postgres-async-driver,49,49,49,49,49,1.0,1.0,1.0,1.0
482,spring-cloud-security,49,49,49,49,49,1.0,1.0,1.0,1.0
483,MaterialEditText,49,49,49,49,49,1.0,1.0,1.0,1.0
484,cm_api,50,50,50,50,50,1.0,1.0,1.0,1.0
485,leveldb,50,50,50,50,50,1.0,1.0,1.0,1.0
486,libsuperuser,50,50,50,50,50,1.0,1.0,1.0,1.0
487,dubbo-admin,50,50,50,50,50,1.0,1.0,1.0,1.0
488,cardslib,50,50,50,50,50,1.0,1.0,1.0,1.0
489,EvalEx,49,49,49,49,49,1.0,1.0,1.0,1.0
490,react-native-music-control,50,50,50,50,50,1.0,1.0,1.0,1.0
491,gradle-download-task,50,50,50,50,50,1.0,1.0,1.0,1.0
492,apk-parser,51,51,51,51,51,1.0,1.0,1.0,1.0
493,sendgrid-java,51,51,51,51,51,1.0,1.0,1.0,1.0
494,Caldroid,51,51,51,51,51,1.0,1.0,1.0,1.0
495,google-authenticator,51,51,51,51,51,1.0,1.0,1.0,1.0
496,VasSonic,51,51,51,51,51,1.0,1.0,1.0,1.0
497,jInstagram,51,51,51,51,51,1.0,1.0,1.0,1.0
498,Emoji,22,22,22,22,22,1.0,1.0,1.0,1.0
499,jbot,52,52,52,52,52,1.0,1.0,1.0,1.0
500,algos,52,52,52,52,52,1.0,1.0,1.0,1.0
501,termux-app,52,52,52,52,52,1.0,1.0,1.0,1.0
502,atom,52,52,52,52,52,1.0,1.0,1.0,1.0
503,RxPermissions,52,52,52,52,52,1.0,1.0,1.0,1.0
504,AndroidPicker,52,52,52,52,52,1.0,1.0,1.0,1.0
505,concurrency-limits,50,50,50,50,50,1.0,1.0,1.0,1.0
506,Android-CircleDialog,52,52,52,52,52,1.0,1.0,1.0,1.0
507,Dexter,52,52,52,52,52,1.0,1.0,1.0,1.0
508,stream-lib,53,53,53,53,53,1.0,1.0,1.0,1.0
509,java-jwt,53,53,53,53,53,1.0,1.0,1.0,1.0
510,SingleDateAndTimePicker,53,53,53,53,53,1.0,1.0,1.0,1.0
511,expandable-recycler-view,54,54,54,54,54,1.0,1.0,1.0,1.0
512,aliyun-oss-java-sdk,54,54,54,54,54,1.0,1.0,1.0,1.0
513,RoundedImageView,54,54,54,54,54,1.0,1.0,1.0,1.0
514,android-volley,54,54,54,54,54,1.0,1.0,1.0,1.0
515,Moxy,55,55,55,55,55,1.0,1.0,1.0,1.0
516,aliyun-oss-android-sdk,55,55,55,55,55,1.0,1.0,1.0,1.0
517,Shadow,54,54,54,54,54,1.0,1.0,1.0,1.0
518,DragonProxy,55,55,55,55,55,1.0,1.0,1.0,1.0
519,tikxml,56,56,56,56,56,1.0,1.0,1.0,1.0
520,jenkins-build-monitor-plugin,55,55,55,55,55,1.0,1.0,1.0,1.0
521,phonegap-nfc,55,55,55,55,55,1.0,1.0,1.0,1.0
522,react-native-contacts,55,55,55,55,55,1.0,1.0,1.0,1.0
523,sugar,55,55,55,55,55,1.0,1.0,1.0,1.0
524,brigadier,57,57,57,57,57,1.0,1.0,1.0,1.0
525,java-saml,57,57,57,57,57,1.0,1.0,1.0,1.0
526,spring-retry,57,57,57,57,57,1.0,1.0,1.0,1.0
527,map-matching,57,57,57,57,57,1.0,1.0,1.0,1.0
528,material-intro,58,58,58,58,58,1.0,1.0,1.0,1.0
529,android-vts,58,58,58,58,58,1.0,1.0,1.0,1.0
530,android-saripaar,58,58,58,58,58,1.0,1.0,1.0,1.0
531,archaius,59,59,59,59,59,1.0,1.0,1.0,1.0
532,dubbo-samples,59,59,59,59,59,1.0,1.0,1.0,1.0
533,Parse-SDK-Android,59,59,59,59,59,1.0,1.0,1.0,1.0
534,sofa-rpc,59,59,59,59,59,1.0,1.0,1.0,1.0
535,Small,59,59,59,59,59,1.0,1.0,1.0,1.0
536,geometry-api-java,60,60,60,60,60,1.0,1.0,1.0,1.0
537,Calendar-PhoneGap-Plugin,60,60,60,60,60,1.0,1.0,1.0,1.0
538,SimpleCropView,60,60,60,60,60,1.0,1.0,1.0,1.0
539,android-betterpickers,59,59,59,59,59,1.0,1.0,1.0,1.0
540,arthas,60,60,60,60,60,1.0,1.0,1.0,1.0
541,args4j,60,60,60,60,60,1.0,1.0,1.0,1.0
542,java-diff-utils,61,61,61,61,61,1.0,1.0,1.0,1.0
543,twitter-kit-android,61,61,61,61,61,1.0,1.0,1.0,1.0
544,caelum-stella,60,60,60,60,60,1.0,1.0,1.0,1.0
545,AndroidSlidingUpPanel,61,61,61,61,61,1.0,1.0,1.0,1.0
546,stardroid,59,59,59,59,59,1.0,1.0,1.0,1.0
547,intellij-plugin-save-actions,62,62,62,62,62,1.0,1.0,1.0,1.0
548,dropbox-sdk-java,62,62,62,62,62,1.0,1.0,1.0,1.0
549,iceberg,63,63,63,63,63,1.0,1.0,1.0,1.0
550,material-remixer-android,63,63,63,63,63,1.0,1.0,1.0,1.0
551,jackson-annotations,63,63,63,63,63,1.0,1.0,1.0,1.0
552,sofa-ark,63,63,63,63,63,1.0,1.0,1.0,1.0
553,LeetCode-Sol-Res,63,63,63,63,63,1.0,1.0,1.0,1.0
554,NullAway,64,64,64,64,64,1.0,1.0,1.0,1.0
555,easymock,64,64,64,64,64,1.0,1.0,1.0,1.0
556,dialogflow-android-client,64,64,64,64,64,1.0,1.0,1.0,1.0
557,mbassador,63,63,63,63,63,1.0,1.0,1.0,1.0
558,TokenAutoComplete,65,65,65,65,65,1.0,1.0,1.0,1.0
559,mysql-binlog-connector-java,65,65,65,65,65,1.0,1.0,1.0,1.0
560,airpal,66,66,66,66,66,1.0,1.0,1.0,1.0
561,cordova-plugin-background-mode,66,66,66,66,66,1.0,1.0,1.0,1.0
562,awaitility,66,66,66,66,66,1.0,1.0,1.0,1.0
563,amazon-kinesis-client,67,67,67,67,67,1.0,1.0,1.0,1.0
564,react-native-share,65,65,65,65,65,1.0,1.0,1.0,1.0
565,jhipster-registry,67,67,67,67,67,1.0,1.0,1.0,1.0
566,ShowcaseView,67,67,67,67,67,1.0,1.0,1.0,1.0
567,signal-cli,68,68,68,68,68,1.0,1.0,1.0,1.0
568,zendesk-java-client,67,67,67,67,67,1.0,1.0,1.0,1.0
569,crawler4j,67,67,67,67,67,1.0,1.0,1.0,1.0
570,flow,69,69,69,69,69,1.0,1.0,1.0,1.0
571,bnd,69,69,69,69,69,1.0,1.0,1.0,1.0
572,blade,69,69,69,69,69,1.0,1.0,1.0,1.0
573,java-object-diff,70,70,70,70,70,1.0,1.0,1.0,1.0
574,opentracing-java,70,70,70,70,70,1.0,1.0,1.0,1.0
575,CountryCodePickerProject,70,70,70,70,70,1.0,1.0,1.0,1.0
576,Pedometer,70,70,70,70,70,1.0,1.0,1.0,1.0
577,react-native-firestack,69,69,69,69,69,1.0,1.0,1.0,1.0
578,AndrOBD,70,70,70,70,70,1.0,1.0,1.0,1.0
579,dexmaker,69,69,69,69,69,1.0,1.0,1.0,1.0
580,cosbench,70,70,70,70,70,1.0,1.0,1.0,1.0
581,Markwon,70,70,70,70,70,1.0,1.0,1.0,1.0
582,algorithms-sedgewick-wayne,71,71,71,71,71,1.0,1.0,1.0,1.0
583,derive4j,71,71,71,71,71,1.0,1.0,1.0,1.0
584,spring-cloud-task,72,72,72,72,72,1.0,1.0,1.0,1.0
585,kayenta,72,72,72,72,72,1.0,1.0,1.0,1.0
586,react-native-webview,72,72,72,72,72,1.0,1.0,1.0,1.0
587,suro,70,70,70,70,70,1.0,1.0,1.0,1.0
588,TableView,73,73,73,73,73,1.0,1.0,1.0,1.0
589,jOOR,73,73,73,73,73,1.0,1.0,1.0,1.0
590,greys-anatomy,73,73,73,73,73,1.0,1.0,1.0,1.0
591,brpc-java,72,72,72,72,72,1.0,1.0,1.0,1.0
592,otj-pg-embedded,73,73,73,73,73,1.0,1.0,1.0,1.0
593,contrib-drivers,73,73,73,73,73,1.0,1.0,1.0,1.0
594,EclipseCodeFormatter,74,74,74,74,74,1.0,1.0,1.0,1.0
595,EdXposed,74,74,74,74,74,1.0,1.0,1.0,1.0
596,apis,74,74,74,74,74,1.0,1.0,1.0,1.0
597,camerakit-android,73,73,73,73,73,1.0,1.0,1.0,1.0
598,Koloboke,74,74,74,74,74,1.0,1.0,1.0,1.0
599,pf4j,75,75,75,75,75,1.0,1.0,1.0,1.0
600,kafka-connect-hdfs,75,75,75,75,75,1.0,1.0,1.0,1.0
601,AlgoDS,75,75,75,75,75,1.0,1.0,1.0,1.0
602,Store,76,76,76,76,76,1.0,1.0,1.0,1.0
603,moshi,76,76,76,76,76,1.0,1.0,1.0,1.0
604,EventBus,76,76,76,76,76,1.0,1.0,1.0,1.0
605,jOOL,76,76,76,76,76,1.0,1.0,1.0,1.0
606,gdx-ai,76,76,76,76,76,1.0,1.0,1.0,1.0
607,jaeger-client-java,76,76,76,76,76,1.0,1.0,1.0,1.0
608,DeepLinkDispatch,77,77,77,77,77,1.0,1.0,1.0,1.0
609,Pokemap,76,76,76,76,76,1.0,1.0,1.0,1.0
610,butterknife,77,77,77,77,77,1.0,1.0,1.0,1.0
611,gitflow4idea,76,76,76,76,76,1.0,1.0,1.0,1.0
612,bigtop,78,78,78,78,78,1.0,1.0,1.0,1.0
613,yuicompressor,78,78,78,78,78,1.0,1.0,1.0,1.0
614,react-native-fcm,78,78,78,78,78,1.0,1.0,1.0,1.0
615,MiPushFramework,78,78,78,78,78,1.0,1.0,1.0,1.0
616,simple-slack-api,75,75,75,75,75,1.0,1.0,1.0,1.0
617,circuitjs1,79,79,79,79,79,1.0,1.0,1.0,1.0
618,exhibitor,79,79,79,79,79,1.0,1.0,1.0,1.0
619,cqengine,79,79,79,79,79,1.0,1.0,1.0,1.0
620,problem-spring-web,78,78,78,78,78,1.0,1.0,1.0,1.0
621,Android-ObservableScrollView,80,80,80,80,80,1.0,1.0,1.0,1.0
622,reactive-streams-jvm,79,79,79,79,79,1.0,1.0,1.0,1.0
623,traccar-client-android,81,81,81,81,81,1.0,1.0,1.0,1.0
624,jts,81,81,81,81,81,1.0,1.0,1.0,1.0
625,PageIndicatorView,82,82,82,82,82,1.0,1.0,1.0,1.0
626,polyglot,83,83,83,83,83,1.0,1.0,1.0,1.0
627,cw-omnibus,83,83,83,83,83,1.0,1.0,1.0,1.0
628,spring-cloud-zuul-ratelimit,83,83,83,83,83,1.0,1.0,1.0,1.0
629,react-native-ble-manager,83,83,83,83,83,1.0,1.0,1.0,1.0
630,nosql-unit,82,82,82,82,82,1.0,1.0,1.0,1.0
631,frontend-maven-plugin,83,83,83,83,83,1.0,1.0,1.0,1.0
632,farebot,85,85,85,85,85,1.0,1.0,1.0,1.0
633,play-authenticate,85,85,85,85,85,1.0,1.0,1.0,1.0
634,ForgeGradle,85,85,85,85,85,1.0,1.0,1.0,1.0
635,aem-core-wcm-components,86,86,86,86,86,1.0,1.0,1.0,1.0
636,getting-started-java,85,85,85,85,85,1.0,1.0,1.0,1.0
637,bytecode-viewer,86,86,86,86,86,1.0,1.0,1.0,1.0
638,disconf,85,85,85,85,85,1.0,1.0,1.0,1.0
639,Much-Assembly-Required,86,86,86,86,86,1.0,1.0,1.0,1.0
640,vulnerability-assessment-tool,87,87,87,87,87,1.0,1.0,1.0,1.0
641,ffmpeg-cli-wrapper,84,84,84,84,84,1.0,1.0,1.0,1.0
642,slack-plugin,83,83,83,83,83,1.0,1.0,1.0,1.0
643,WaniKani-for-Android,87,87,87,87,87,1.0,1.0,1.0,1.0
644,tabula-java,88,88,88,88,88,1.0,1.0,1.0,1.0
645,OpenHub,88,88,88,88,88,1.0,1.0,1.0,1.0
646,lz4-java,88,88,88,88,88,1.0,1.0,1.0,1.0
647,cocos2d,88,88,88,88,88,1.0,1.0,1.0,1.0
648,HdrHistogram,90,90,90,90,90,1.0,1.0,1.0,1.0
649,json,89,89,89,89,89,1.0,1.0,1.0,1.0
650,xmrwallet,91,91,91,91,91,1.0,1.0,1.0,1.0
651,GeoSpark,91,91,91,91,91,1.0,1.0,1.0,1.0
652,dr-elephant,91,91,91,91,91,1.0,1.0,1.0,1.0
653,snappy-java,91,91,91,91,91,1.0,1.0,1.0,1.0
654,Shizuku,91,91,91,91,91,1.0,1.0,1.0,1.0
655,BannerViewPager,91,91,91,91,91,1.0,1.0,1.0,1.0
656,typescript-generator,92,92,92,92,92,1.0,1.0,1.0,1.0
657,pojobuilder,91,91,91,91,91,1.0,1.0,1.0,1.0
658,elasticsearch-jdbc,91,91,91,91,91,1.0,1.0,1.0,1.0
659,jolt,93,93,93,93,93,1.0,1.0,1.0,1.0
660,logstash-logback-encoder,93,93,93,93,93,1.0,1.0,1.0,1.0
661,github-plugin,95,95,95,95,95,1.0,1.0,1.0,1.0
662,Android-DFU-Library,94,94,94,94,94,1.0,1.0,1.0,1.0
663,yaxim,96,96,96,96,96,1.0,1.0,1.0,1.0
664,javacv,96,96,96,96,96,1.0,1.0,1.0,1.0
665,Guns,96,96,96,96,96,1.0,1.0,1.0,1.0
666,docker-compose-rule,96,96,96,96,96,1.0,1.0,1.0,1.0
667,android-priority-jobqueue,96,96,96,96,96,1.0,1.0,1.0,1.0
668,material-calendarview,96,96,96,96,96,1.0,1.0,1.0,1.0
669,react-native-track-player,98,98,98,98,98,1.0,1.0,1.0,1.0
670,nanohttpd,98,98,98,98,98,1.0,1.0,1.0,1.0
671,jpush-api-java-client,99,99,99,99,99,1.0,1.0,1.0,1.0
672,coding2017,98,98,98,98,98,1.0,1.0,1.0,1.0
673,bucket4j,99,99,99,99,99,1.0,1.0,1.0,1.0
674,Sudachi,100,100,100,100,100,1.0,1.0,1.0,1.0
675,requery,100,100,100,100,100,1.0,1.0,1.0,1.0
676,volley,100,100,100,100,100,1.0,1.0,1.0,1.0
677,java-apns,101,38,54,24,31,0.38,0.53,0.24,0.31
678,osmtracker-android,101,41,48,29,35,0.41,0.48,0.29,0.35
679,Android-Debug-Database,102,22,32,19,22,0.22,0.31,0.19,0.22
680,retrolambda,102,60,72,27,38,0.59,0.71,0.26,0.37
681,java,103,62,79,25,29,0.6,0.77,0.24,0.28
682,TelegramBots,103,63,87,40,53,0.61,0.84,0.39,0.51
683,liferay-docs,102,57,65,21,29,0.56,0.64,0.21,0.28
684,bootique,104,77,92,14,25,0.74,0.88,0.13,0.24
685,secor,104,45,67,18,23,0.43,0.64,0.17,0.22
686,BottomSheetPickers,104,39,55,23,38,0.38,0.53,0.22,0.37
687,android-advancedrecyclerview,105,56,75,23,32,0.53,0.71,0.22,0.3
688,android-smsmms,105,39,53,32,44,0.37,0.5,0.3,0.42
689,swiftp,106,62,78,25,32,0.58,0.74,0.24,0.3
690,karyon,105,74,96,63,80,0.7,0.91,0.6,0.76
691,jasmine-maven-plugin,106,52,60,31,30,0.49,0.57,0.29,0.28
692,togglz,107,82,94,31,45,0.77,0.88,0.29,0.42
693,GravityBox,108,45,63,7,10,0.42,0.58,0.06,0.09
694,JASONETTE-Android,108,18,33,12,16,0.17,0.31,0.11,0.15
695,ardublock,109,82,94,33,45,0.75,0.86,0.3,0.41
696,oasp4j,107,81,92,36,53,0.76,0.86,0.34,0.5
697,FreeFlow,106,37,52,26,34,0.35,0.49,0.25,0.32
698,android_sdk,109,68,75,37,51,0.62,0.69,0.34,0.47
699,mct,110,71,95,46,63,0.65,0.86,0.42,0.57
700,MaterialDateTimePicker,110,29,39,11,18,0.26,0.35,0.1,0.16
701,react-native-image-picker,107,10,13,4,7,0.09,0.12,0.04,0.07
702,jfxtras,111,72,82,50,47,0.65,0.74,0.45,0.42
703,spring-cloud-zookeeper,112,49,71,28,39,0.44,0.63,0.25,0.35
704,yang,110,0,0,0,0,0.0,0.0,0.0,0.0
705,clickhouse-jdbc,111,59,79,33,47,0.53,0.71,0.3,0.42
706,jade4j,111,48,67,37,53,0.43,0.6,0.33,0.48
707,griffin,113,60,84,50,76,0.53,0.74,0.44,0.67
708,robospice,111,74,83,41,57,0.67,0.75,0.37,0.51
709,TonY,113,51,62,43,51,0.45,0.55,0.38,0.45
710,shimmer,111,67,79,31,43,0.6,0.71,0.28,0.39
711,owner,113,80,101,18,30,0.71,0.89,0.16,0.27
712,asynchbase,114,34,48,19,27,0.3,0.42,0.17,0.24
713,abixen-platform,114,91,95,71,78,0.8,0.83,0.62,0.68
714,simple-stack,114,72,87,53,72,0.63,0.76,0.46,0.63
715,tilesfx,114,49,55,20,24,0.43,0.48,0.18,0.21
716,Rosie,113,68,83,43,57,0.6,0.73,0.38,0.5
717,andOTP,114,49,65,18,26,0.43,0.57,0.16,0.23
718,gumtree,116,69,94,47,72,0.59,0.81,0.41,0.62
719,hackerskeyboard,117,39,50,8,11,0.33,0.43,0.07,0.09
720,GlobalPlatformPro,117,45,63,29,39,0.38,0.54,0.25,0.33
721,flinkStreamSQL,116,77,90,45,56,0.66,0.78,0.39,0.48
722,android_packages_apps_GmsCore,118,78,104,37,54,0.66,0.88,0.31,0.46
723,forecastie,117,24,29,13,17,0.21,0.25,0.11,0.15
724,StickyListHeaders,118,26,37,16,25,0.22,0.31,0.14,0.21
725,spring-shell,121,79,104,60,87,0.65,0.86,0.5,0.72
726,sardine,121,39,44,30,32,0.32,0.36,0.25,0.26
727,consul-client,121,54,74,39,52,0.45,0.61,0.32,0.43
728,NuProcess,122,48,74,24,39,0.39,0.61,0.2,0.32
729,okbuck,122,74,91,48,66,0.61,0.75,0.39,0.54
730,neuroph,122,67,80,47,59,0.55,0.66,0.39,0.48
731,bitbucket-branch-source-plugin,120,61,78,33,41,0.51,0.65,0.28,0.34
732,eclipse-collections,122,76,95,54,62,0.62,0.78,0.44,0.51
733,RustDT,120,107,115,76,95,0.89,0.96,0.63,0.79
734,google-http-java-client,123,74,93,39,62,0.6,0.76,0.32,0.5
735,filemanager,123,45,57,39,52,0.37,0.46,0.32,0.42
736,todo.txt-android,123,43,60,38,52,0.35,0.49,0.31,0.42
737,firebase-android-sdk,124,100,108,64,81,0.81,0.87,0.52,0.65
738,libsvm,125,6,9,0,0,0.05,0.07,0.0,0.0
739,calendar-widget,125,62,80,50,67,0.5,0.64,0.4,0.54
740,keywhiz,125,70,99,44,60,0.56,0.79,0.35,0.48
741,Android-Image-Cropper,125,30,38,18,29,0.24,0.3,0.14,0.23
742,fscrawler,126,77,93,55,62,0.61,0.74,0.44,0.49
743,jfairy,127,64,92,60,77,0.5,0.72,0.47,0.61
744,fdb-record-layer,128,89,102,55,68,0.7,0.8,0.43,0.53
745,rxjava-jdbc,128,44,55,18,25,0.34,0.43,0.14,0.2
746,aws-sdk-android,128,96,106,57,74,0.75,0.83,0.45,0.58
747,webbit,125,65,90,38,45,0.52,0.72,0.3,0.36
748,git-commit-id-maven-plugin,128,45,62,34,44,0.35,0.48,0.27,0.34
749,openstack-java-sdk,127,95,121,71,95,0.75,0.95,0.56,0.75
750,luwak,127,77,103,51,60,0.61,0.81,0.4,0.47
751,sempre,128,54,69,49,64,0.42,0.54,0.38,0.5
752,java-faker,127,57,83,34,52,0.45,0.65,0.27,0.41
753,spring-integration-samples,129,94,113,22,38,0.73,0.88,0.17,0.29
754,reddit-is-fun,129,44,53,19,24,0.34,0.41,0.15,0.19
755,JavaHamcrest,130,83,118,60,90,0.64,0.91,0.46,0.69
756,browser,130,61,70,43,43,0.47,0.54,0.33,0.33
757,SimianArmy,130,71,94,37,45,0.55,0.72,0.28,0.35
758,spring-boot-thin-launcher,131,59,72,36,53,0.45,0.55,0.27,0.4
759,Mallet,131,74,89,33,44,0.56,0.68,0.25,0.34
760,jongo,131,85,105,53,67,0.65,0.8,0.4,0.51
761,dsl-json,133,83,104,54,80,0.62,0.78,0.41,0.6
762,seldon-server,133,40,47,22,32,0.3,0.35,0.17,0.24
763,azure-spring-boot,133,104,121,79,94,0.78,0.91,0.59,0.71
764,wasabi,129,57,71,31,41,0.44,0.55,0.24,0.32
765,mosby,133,104,123,80,105,0.78,0.92,0.6,0.79
766,twoway-view,134,23,32,19,23,0.17,0.24,0.14,0.17
767,gitiles,134,57,85,42,54,0.43,0.63,0.31,0.4
768,extentreports-java,135,70,82,49,65,0.52,0.61,0.36,0.48
769,arquillian-core,135,101,130,68,93,0.75,0.96,0.5,0.69
770,manifold,136,100,127,73,105,0.74,0.93,0.54,0.77
771,epoxy,135,103,111,80,92,0.76,0.82,0.59,0.68
772,Elephant,137,53,73,33,38,0.39,0.53,0.24,0.28
773,webcam-capture,137,89,112,50,71,0.65,0.82,0.36,0.52
774,angel,136,85,111,69,84,0.62,0.82,0.51,0.62
775,litemall,138,58,84,34,45,0.42,0.61,0.25,0.33
776,junit-plugin,139,44,53,24,30,0.32,0.38,0.17,0.22
777,Lightweight-Stream-API,139,71,83,41,52,0.51,0.6,0.29,0.37
778,phonegap-plugins,142,16,25,7,13,0.11,0.18,0.05,0.09
779,apicurio-studio,142,106,116,71,88,0.75,0.82,0.5,0.62
780,light-task-scheduler,143,113,136,101,128,0.79,0.95,0.71,0.9
781,RxJava-Android-Samples,139,47,66,22,29,0.34,0.47,0.16,0.21
782,super-csv,143,67,95,49,61,0.47,0.66,0.34,0.43
783,java-sdk,144,80,104,52,66,0.56,0.72,0.36,0.46
784,cassandra-unit,142,72,93,39,54,0.51,0.65,0.27,0.38
785,copycat,145,83,106,58,86,0.57,0.73,0.4,0.59
786,google-api-java-client,146,93,119,51,75,0.64,0.82,0.35,0.51
787,android-pulltorefresh,148,27,37,11,16,0.18,0.25,0.07,0.11
788,bdd-security,149,62,84,47,60,0.42,0.56,0.32,0.4
789,google-java-format,150,60,69,25,25,0.4,0.46,0.17,0.17
790,fixflow,143,98,108,44,54,0.69,0.76,0.31,0.38
791,java-gitlab-api,149,34,54,16,32,0.23,0.36,0.11,0.21
792,andlytics,149,64,80,35,49,0.43,0.54,0.23,0.33
793,jdeb,150,51,74,20,21,0.34,0.49,0.13,0.14
794,samza,151,128,147,93,123,0.85,0.97,0.62,0.81
795,spring-security-saml,152,114,133,61,83,0.75,0.88,0.4,0.55
796,spring-restdocs,148,100,118,77,91,0.68,0.8,0.52,0.61
797,OpenIAB,151,61,75,45,59,0.4,0.5,0.3,0.39
798,product-ei,153,74,96,36,45,0.48,0.63,0.24,0.29
799,nginx-clojure,155,68,85,53,66,0.44,0.55,0.34,0.43
800,react-native-mapbox-gl,156,33,40,17,25,0.21,0.26,0.11,0.16
801,governator,155,108,134,76,104,0.7,0.86,0.49,0.67
802,android-beacon-library,153,62,88,40,59,0.41,0.58,0.26,0.39
803,spring-cloud-consul,157,63,100,25,34,0.4,0.64,0.16,0.22
804,beetl2.0,155,119,137,86,113,0.77,0.88,0.55,0.73
805,restlet-framework-java,159,102,118,70,84,0.64,0.74,0.44,0.53
806,addressbook-level4,159,94,121,74,101,0.59,0.76,0.47,0.64
807,sqlite-jdbc,156,46,62,25,30,0.29,0.4,0.16,0.19
808,Travel-Mate,159,95,113,61,82,0.6,0.71,0.38,0.52
809,HotswapAgent,161,96,123,76,100,0.6,0.76,0.47,0.62
810,kafka-connect-jdbc,160,83,115,52,67,0.52,0.72,0.32,0.42
811,pippo,161,106,128,45,56,0.66,0.8,0.28,0.35
812,SeLion,162,101,124,74,100,0.62,0.77,0.46,0.62
813,600SeriesAndroidUploader,160,71,97,55,80,0.44,0.61,0.34,0.5
814,addressbook-level3,162,93,122,81,101,0.57,0.75,0.5,0.62
815,openmrs-contrib-android-client,163,110,139,89,101,0.67,0.85,0.55,0.62
816,jcommander,163,70,88,27,34,0.43,0.54,0.17,0.21
817,athenz,164,99,120,66,76,0.6,0.73,0.4,0.46
818,materialistic,166,96,119,40,50,0.58,0.72,0.24,0.3
819,TweetLanes,166,53,80,45,71,0.32,0.48,0.27,0.43
820,s3proxy,168,21,31,6,9,0.12,0.18,0.04,0.05
821,metacat,169,96,132,73,112,0.57,0.78,0.43,0.66
822,J2ME-Loader,169,68,85,49,69,0.4,0.5,0.29,0.41
823,react-native-iap,172,10,15,3,8,0.06,0.09,0.02,0.05
824,leshan,173,117,145,68,90,0.68,0.84,0.39,0.52
825,cucumber-reporting,173,80,100,64,67,0.46,0.58,0.37,0.39
826,unfolding,175,121,144,56,70,0.69,0.82,0.32,0.4
827,redis-manager,175,97,113,71,83,0.55,0.65,0.41,0.47
828,java-driver,176,145,162,109,133,0.82,0.92,0.62,0.76
829,tx-lcn,168,136,163,125,153,0.81,0.97,0.74,0.91
830,SecurityShepherd,176,106,118,72,84,0.6,0.67,0.41,0.48
831,subclipse,177,89,105,59,86,0.5,0.59,0.33,0.49
832,couchdb-lucene,177,66,85,37,44,0.37,0.48,0.21,0.25
833,programming,176,22,24,0,0,0.12,0.14,0.0,0.0
834,OpenRTS,174,122,128,109,107,0.7,0.74,0.63,0.61
835,spectator,179,107,135,67,74,0.6,0.75,0.37,0.41
836,storio,179,143,166,88,110,0.8,0.93,0.49,0.61
837,Solandra,179,46,64,27,41,0.26,0.36,0.15,0.23
838,keepassdroid,178,100,125,72,94,0.56,0.7,0.4,0.53
839,opennlp,180,97,126,94,111,0.54,0.7,0.52,0.62
840,jboss-eap-quickstarts,181,110,136,75,110,0.61,0.75,0.41,0.61
841,java-client-api,180,67,93,39,51,0.37,0.52,0.22,0.28
842,swagger2markup,176,69,89,55,68,0.39,0.51,0.31,0.39
843,logisim-evolution,182,114,131,82,84,0.63,0.72,0.45,0.46
844,picasso,183,73,91,31,34,0.4,0.5,0.17,0.19
845,moa,182,130,153,67,81,0.71,0.84,0.37,0.45
846,physical-web,183,50,62,19,30,0.27,0.34,0.1,0.16
847,Minim,183,65,94,48,64,0.36,0.51,0.26,0.35
848,photon,182,59,82,43,56,0.32,0.45,0.24,0.31
849,failsafe,185,95,131,59,82,0.51,0.71,0.32,0.44
850,JAdventure,184,76,94,35,49,0.41,0.51,0.19,0.27
851,htm.java,182,90,129,58,81,0.49,0.71,0.32,0.45
852,FreeBuilder,187,112,130,65,91,0.6,0.7,0.35,0.49
853,ExoMedia,184,64,92,42,45,0.35,0.5,0.23,0.24
854,disunity,187,94,137,59,77,0.5,0.73,0.32,0.41
855,docker-plugin,187,73,90,27,38,0.39,0.48,0.14,0.2
856,Medusa,187,49,65,21,30,0.26,0.35,0.11,0.16
857,micro-server,189,141,165,120,140,0.75,0.87,0.63,0.74
858,swagger-maven-plugin,189,75,94,54,67,0.4,0.5,0.29,0.35
859,PretendYoureXyzzy,190,60,86,36,56,0.32,0.45,0.19,0.29
860,BaseRecyclerViewAdapterHelper,191,50,69,35,43,0.26,0.36,0.18,0.23
861,sshj,192,93,129,36,46,0.48,0.67,0.19,0.24
862,bither-android,190,92,128,53,79,0.48,0.67,0.28,0.42
863,Telegram,193,93,134,86,122,0.48,0.69,0.45,0.63
864,graphicsfuzz,193,79,95,64,84,0.41,0.49,0.33,0.44
865,Telegram-FOSS,193,93,134,85,122,0.48,0.69,0.44,0.63
866,RxAndroidBle,190,76,120,63,82,0.4,0.63,0.33,0.43
867,spring-ldap,196,157,186,70,98,0.8,0.95,0.36,0.5
868,gpstest,196,42,53,31,35,0.21,0.27,0.16,0.18
869,BitcoinChecker,190,73,117,49,78,0.38,0.62,0.26,0.41
870,memcached-session-manager,199,87,111,63,90,0.44,0.56,0.32,0.45
871,JsonPath,196,118,150,90,116,0.6,0.77,0.46,0.59
872,RichTextFX,199,94,130,53,75,0.47,0.65,0.27,0.38
873,raml-for-jax-rs,199,134,161,113,144,0.67,0.81,0.57,0.72
874,light-admin,202,122,168,95,137,0.6,0.83,0.47,0.68
875,jetcache,202,135,166,76,93,0.67,0.82,0.38,0.46
876,crash,202,155,180,100,138,0.77,0.89,0.5,0.68
877,Grammar-Kit,203,96,120,48,63,0.47,0.59,0.24,0.31
878,macrobase,203,100,125,87,108,0.49,0.62,0.43,0.53
879,hera,201,95,137,60,91,0.47,0.68,0.3,0.45
880,influxdb-java,200,62,83,31,44,0.31,0.42,0.16,0.22
881,subversion-plugin,204,52,73,19,26,0.25,0.36,0.09,0.13
882,UltimateRecyclerView,203,74,99,53,71,0.36,0.49,0.26,0.35
883,spikes,203,80,98,30,52,0.39,0.48,0.15,0.26
884,ff4j,204,162,194,113,152,0.79,0.95,0.55,0.75
885,zotfile,206,0,0,0,0,0.0,0.0,0.0,0.0
886,ion,206,90,124,45,64,0.44,0.6,0.22,0.31
887,ChromeLikeTabSwitcher,206,43,58,11,15,0.21,0.28,0.05,0.07
888,openstack4j,204,161,187,108,130,0.79,0.92,0.53,0.64
889,artifactory-plugin,209,81,125,62,88,0.39,0.6,0.3,0.42
890,openmrs-module-webservices.rest,210,126,160,65,75,0.6,0.76,0.31,0.36
891,java-memcached-client,207,114,131,48,58,0.55,0.63,0.23,0.28
892,parboiled,210,136,188,125,150,0.65,0.9,0.6,0.71
893,open-event-organizer-android,211,144,182,108,125,0.68,0.86,0.51,0.59
894,jline2,212,58,86,26,41,0.27,0.41,0.12,0.19
895,gwt-bootstrap,211,129,165,66,107,0.61,0.78,0.31,0.51
896,waffle,211,124,143,97,109,0.59,0.68,0.46,0.52
897,springside4,213,157,173,105,119,0.74,0.81,0.49,0.56
898,disruptor,214,115,148,69,85,0.54,0.69,0.32,0.4
899,android-async-http,213,64,88,26,37,0.3,0.41,0.12,0.17
900,logbook,217,128,173,84,137,0.59,0.8,0.39,0.63
901,ActionBarSherlock,218,112,146,68,101,0.51,0.67,0.31,0.46
902,config,219,91,117,52,67,0.42,0.53,0.24,0.31
903,getdown,220,71,85,29,40,0.32,0.39,0.13,0.18
904,jzmq,221,33,49,25,39,0.15,0.22,0.11,0.18
905,roboguice,219,98,138,76,99,0.45,0.63,0.35,0.45
906,hollow,220,125,157,55,78,0.57,0.71,0.25,0.35
907,fest-assert-2.x,220,187,199,137,144,0.85,0.9,0.62,0.65
908,spring-social-facebook,220,159,185,83,109,0.72,0.84,0.38,0.5
909,jediterm,222,86,124,65,97,0.39,0.56,0.29,0.44
910,netty-socketio,224,89,115,48,57,0.4,0.51,0.21,0.25
911,Easer,223,150,186,110,143,0.67,0.83,0.49,0.64
912,pi4j,225,126,165,33,37,0.56,0.73,0.15,0.16
913,lcm,226,17,21,10,13,0.08,0.09,0.04,0.06
914,jmeter-maven-plugin,225,64,86,37,44,0.28,0.38,0.16,0.2
915,find-sec-bugs,227,150,179,94,133,0.66,0.79,0.41,0.59
916,mongo-hadoop,227,90,125,62,82,0.4,0.55,0.27,0.36
917,jackson-dataformat-xml,226,123,160,55,75,0.54,0.71,0.24,0.33
918,ice-demos,227,39,47,22,33,0.17,0.21,0.1,0.15
919,librec,231,76,108,57,71,0.33,0.47,0.25,0.31
920,spring-cloud-function,232,134,170,87,122,0.58,0.73,0.38,0.53
921,multi-model-server,233,30,40,20,26,0.13,0.17,0.09,0.11
922,Android-Orma,234,140,169,73,83,0.6,0.72,0.31,0.35
923,mapbox-android-demo,234,88,159,44,71,0.38,0.68,0.19,0.3
924,cruise-control,236,109,126,80,70,0.46,0.53,0.34,0.3
925,allure2,237,92,129,80,114,0.39,0.54,0.34,0.48
926,mamute,238,126,162,63,87,0.53,0.68,0.26,0.37
927,Hystrix,240,103,137,70,91,0.43,0.57,0.29,0.38
928,giraph,241,168,205,140,176,0.7,0.85,0.58,0.73
929,remote-desktop-clients,240,81,113,64,92,0.34,0.47,0.27,0.38
930,astyanax,241,158,195,123,140,0.66,0.81,0.51,0.58
931,javacpp,243,54,70,38,43,0.22,0.29,0.16,0.18
932,XChart,244,148,185,101,122,0.61,0.76,0.41,0.5
933,cucumber,241,60,75,31,37,0.25,0.31,0.13,0.15
934,maps,245,40,50,19,27,0.16,0.2,0.08,0.11
935,stripe-java,246,100,165,64,118,0.41,0.67,0.26,0.48
936,HoloEverywhere,246,150,176,110,145,0.61,0.72,0.45,0.59
937,RSyntaxTextArea,246,110,149,61,71,0.45,0.61,0.25,0.29
938,facebook-android-sdk,249,140,174,94,130,0.56,0.7,0.38,0.52
939,malmo,251,33,31,16,13,0.13,0.12,0.06,0.05
940,GCViewer,243,93,133,64,95,0.38,0.55,0.26,0.39
941,lucida,250,29,32,21,20,0.12,0.13,0.08,0.08
942,handlebars.java,253,163,218,91,129,0.64,0.86,0.36,0.51
943,stringtemplate4,256,96,146,62,83,0.38,0.57,0.24,0.32
944,RxNetty,255,177,209,161,183,0.69,0.82,0.63,0.72
945,ghprb-plugin,247,47,68,28,36,0.19,0.28,0.11,0.15
946,xmemcached,261,114,160,83,112,0.44,0.61,0.32,0.43
947,guacamole-client,261,59,74,24,29,0.23,0.28,0.09,0.11
948,KernelAdiutor,260,82,124,52,64,0.32,0.48,0.2,0.25
949,chat-sdk-android,262,163,210,125,170,0.62,0.8,0.48,0.65
950,Duke,262,123,172,83,118,0.47,0.66,0.32,0.45
951,EhViewer,264,167,205,112,155,0.63,0.78,0.42,0.59
952,goclipse,263,182,221,132,165,0.69,0.84,0.5,0.63
953,Jest,267,150,199,92,124,0.56,0.75,0.34,0.46
954,flume,268,165,202,101,116,0.62,0.75,0.38,0.43
955,android-testdpc,270,81,113,38,48,0.3,0.42,0.14,0.18
956,samourai-wallet-android,271,93,119,47,67,0.34,0.44,0.17,0.25
957,jbehave-core,269,178,210,90,111,0.66,0.78,0.33,0.41
958,pushy,270,94,138,52,70,0.35,0.51,0.19,0.26
959,boon,274,158,208,131,172,0.58,0.76,0.48,0.63
960,spring-data-solr,276,130,187,90,119,0.47,0.68,0.33,0.43
961,javassist,276,102,128,75,109,0.37,0.46,0.27,0.39
962,uhabits,314,189,236,161,211,0.6,0.75,0.51,0.67
963,spock,274,163,199,101,130,0.59,0.73,0.37,0.47
964,PageTurner,275,108,149,56,69,0.39,0.54,0.2,0.25
965,heroic,279,161,235,114,177,0.58,0.84,0.41,0.63
966,univocity-parsers,279,128,167,80,60,0.46,0.6,0.29,0.22
967,twilio-java,276,197,235,112,116,0.71,0.85,0.41,0.42
968,TrebleShot,283,132,153,98,84,0.47,0.54,0.35,0.3
969,interview,285,157,208,77,108,0.55,0.73,0.27,0.38
970,jsprit,283,137,217,99,166,0.48,0.77,0.35,0.59
971,focus-android,290,92,140,46,68,0.32,0.48,0.16,0.23
972,spring-cloud-commons,285,130,189,48,80,0.46,0.66,0.17,0.28
973,spring-hateoas,292,127,182,82,104,0.43,0.62,0.28,0.36
974,flinkx,290,128,171,74,122,0.44,0.59,0.26,0.42
975,streamex,290,74,100,32,24,0.26,0.34,0.11,0.08
976,testcontainers-java,293,148,200,87,130,0.51,0.68,0.3,0.44
977,connectbot,297,98,126,58,79,0.33,0.42,0.2,0.27
978,json-schema,295,117,158,81,100,0.4,0.54,0.27,0.34
979,msf4j,296,162,207,97,153,0.55,0.7,0.33,0.52
980,spring-kafka,299,146,200,73,102,0.49,0.67,0.24,0.34
981,HiBench,297,84,96,48,67,0.28,0.32,0.16,0.23
982,embulk,303,141,182,89,110,0.47,0.6,0.29,0.36
983,jbake,288,83,123,45,70,0.29,0.43,0.16,0.24
984,gravitee-gateway,306,174,232,119,170,0.57,0.76,0.39,0.56
985,jcodec,305,199,267,166,227,0.65,0.88,0.54,0.74
986,spring-social,305,190,234,119,136,0.62,0.77,0.39,0.45
987,pebble,307,134,201,118,166,0.44,0.65,0.38,0.54
988,CameraView,311,135,190,110,149,0.43,0.61,0.35,0.48
989,py4j,307,103,130,57,68,0.34,0.42,0.19,0.22
990,schema-registry,304,112,168,98,130,0.37,0.55,0.32,0.43
991,jedis,296,96,146,58,80,0.32,0.49,0.2,0.27
992,download-manager,303,138,187,52,83,0.46,0.62,0.17,0.27
993,AppiumTestDistribution,315,81,115,55,67,0.26,0.37,0.17,0.21
994,incubator-hudi,318,162,254,132,181,0.51,0.8,0.42,0.57
995,XposedInstaller,319,66,88,36,44,0.21,0.28,0.11,0.14
996,jBrowserDriver,320,93,105,79,83,0.29,0.33,0.25,0.26
997,spring-cloud-aws,319,224,271,125,168,0.7,0.85,0.39,0.53
998,rtmp-rtsp-stream-client-java,323,140,183,101,128,0.43,0.57,0.31,0.4
999,spring-data-rest,325,180,255,90,135,0.55,0.78,0.28,0.42
1000,PokeGOAPI-Java,319,115,173,83,117,0.36,0.54,0.26,0.37
1001,github-api,326,97,149,33,46,0.3,0.46,0.1,0.14
1002,Book-Catalogue,324,94,138,63,89,0.29,0.43,0.19,0.27
1003,RedReader,328,111,140,69,84,0.34,0.43,0.21,0.26
1004,BiglyBT,336,164,177,165,171,0.49,0.53,0.49,0.51
1005,parquet-mr,335,195,258,147,187,0.58,0.77,0.44,0.56
1006,jsoup,354,81,112,45,67,0.23,0.32,0.13,0.19
1007,cassandra-lucene-index,344,194,243,143,164,0.56,0.71,0.42,0.48
1008,AndroidAsync,360,140,187,97,126,0.39,0.52,0.27,0.35
1009,cyclops-integration,354,293,333,201,250,0.83,0.94,0.57,0.71
1010,opsu,394,102,134,89,115,0.26,0.34,0.23,0.29
1011,metrics,427,201,280,110,155,0.47,0.66,0.26,0.36
1012,amidst,473,260,329,162,222,0.55,0.7,0.34,0.47
1013,jsweet,479,244,312,133,179,0.51,0.65,0.28,0.37
1014,pgjdbc-ng,481,155,235,149,214,0.32,0.49,0.31,0.44
1015,qbit,490,313,402,206,277,0.64,0.82,0.42,0.57
1016,thingsboard,577,273,368,167,203,0.47,0.64,0.29,0.35
1017,blueflood,563,193,275,106,143,0.34,0.49,0.19,0.25
1018,androidannotations,564,322,434,215,324,0.57,0.77,0.38,0.57
1019,digdag,604,307,411,195,273,0.51,0.68,0.32,0.45
1020,openrouteservice,607,231,362,185,289,0.38,0.6,0.3,0.48
1021,nzbhydra2,647,276,367,214,311,0.43,0.57,0.33,0.48
1022,phpinspectionsea,667,267,420,46,67,0.4,0.63,0.07,0.1
1023,phoenicis,680,403,538,294,402,0.59,0.79,0.43,0.59
1024,guice,688,367,493,254,328,0.53,0.72,0.37,0.48
1025,chunky,713,174,261,97,140,0.24,0.37,0.14,0.2
1026,dropwizard,815,429,576,250,388,0.53,0.71,0.31,0.48
1027,Digital,824,414,540,217,280,0.5,0.66,0.26,0.34
1028,intellij-elixir,848,407,529,248,343,0.48,0.62,0.29,0.4
1029,nakadi,853,377,524,280,407,0.44,0.61,0.33,0.48
1030,Discord4J,891,306,406,190,259,0.34,0.46,0.21,0.29
1031,OpenRefine,893,338,466,251,343,0.38,0.52,0.28,0.38
1032,nokogiri,962,62,74,50,52,0.06,0.08,0.05,0.05
1033,rapidoid,964,499,717,256,384,0.52,0.74,0.27,0.4
1034,druid,1800,1002,1341,425,639,0.56,0.74,0.24,0.36
